<?xml version="1.0" encoding="UTF-8"?>
<GenRun Id="impl_1" LaunchPart="xc7z010clg400-1" LaunchTime="1612028504">
  <File Type="ROUTE-PWR" Name="ro_bd_wrapper_power_routed.rpt"/>
  <File Type="PA-TCL" Name="ro_bd_wrapper.tcl"/>
  <File Type="PWROPT-DCP" Name="ro_bd_wrapper_pwropt.dcp"/>
  <File Type="ROUTE-PWR-SUM" Name="ro_bd_wrapper_power_summary_routed.pb"/>
  <File Type="REPORTS-TCL" Name="ro_bd_wrapper_reports.tcl"/>
  <File Type="BG-DRC" Name="ro_bd_wrapper.drc"/>
  <File Type="OPT-HWDEF" Name="ro_bd_wrapper.hwdef"/>
  <File Type="OPT-DCP" Name="ro_bd_wrapper_opt.dcp"/>
  <File Type="OPT-DRC" Name="ro_bd_wrapper_drc_opted.rpt"/>
  <File Type="PLACE-DCP" Name="ro_bd_wrapper_placed.dcp"/>
  <File Type="PLACE-IO" Name="ro_bd_wrapper_io_placed.rpt"/>
  <File Type="PLACE-UTIL" Name="ro_bd_wrapper_utilization_placed.rpt"/>
  <File Type="PLACE-UTIL-PB" Name="ro_bd_wrapper_utilization_placed.pb"/>
  <File Type="PLACE-CTRL" Name="ro_bd_wrapper_control_sets_placed.rpt"/>
  <File Type="PLACE-PRE-SIMILARITY" Name="ro_bd_wrapper_incremental_reuse_pre_placed.rpt"/>
  <File Type="POSTPLACE-PWROPT-DCP" Name="ro_bd_wrapper_postplace_pwropt.dcp"/>
  <File Type="PHYSOPT-DCP" Name="ro_bd_wrapper_physopt.dcp"/>
  <File Type="BG-BIT" Name="ro_bd_wrapper.bit"/>
  <File Type="ROUTE-ERROR-DCP" Name="ro_bd_wrapper_routed_error.dcp"/>
  <File Type="ROUTE-DCP" Name="ro_bd_wrapper_routed.dcp"/>
  <File Type="ROUTE-BLACKBOX-DCP" Name="ro_bd_wrapper_routed_bb.dcp"/>
  <File Type="ROUTE-DRC" Name="ro_bd_wrapper_drc_routed.rpt"/>
  <File Type="ROUTE-DRC-PB" Name="ro_bd_wrapper_drc_routed.pb"/>
  <File Type="ROUTE-DRC-RPX" Name="ro_bd_wrapper_drc_routed.rpx"/>
  <File Type="BITSTR-MSK" Name="ro_bd_wrapper.msk"/>
  <File Type="ROUTE-METHODOLOGY-DRC" Name="ro_bd_wrapper_methodology_drc_routed.rpt"/>
  <File Type="BG-BGN" Name="ro_bd_wrapper.bgn"/>
  <File Type="ROUTE-METHODOLOGY-DRC-RPX" Name="ro_bd_wrapper_methodology_drc_routed.rpx"/>
  <File Type="BITSTR-RBT" Name="ro_bd_wrapper.rbt"/>
  <File Type="ROUTE-METHODOLOGY-DRC-PB" Name="ro_bd_wrapper_methodology_drc_routed.pb"/>
  <File Type="BG-BIN" Name="ro_bd_wrapper.bin"/>
  <File Type="ROUTE-PWR-RPX" Name="ro_bd_wrapper_power_routed.rpx"/>
  <File Type="ROUTE-STATUS" Name="ro_bd_wrapper_route_status.rpt"/>
  <File Type="ROUTE-STATUS-PB" Name="ro_bd_wrapper_route_status.pb"/>
  <File Type="ROUTE-TIMINGSUMMARY" Name="ro_bd_wrapper_timing_summary_routed.rpt"/>
  <File Type="ROUTE-TIMING-PB" Name="ro_bd_wrapper_timing_summary_routed.pb"/>
  <File Type="ROUTE-TIMING-RPX" Name="ro_bd_wrapper_timing_summary_routed.rpx"/>
  <File Type="ROUTE-CLK" Name="ro_bd_wrapper_clock_utilization_routed.rpt"/>
  <File Type="RDI-RDI" Name="ro_bd_wrapper.vdi"/>
  <File Type="POSTROUTE-PHYSOPT-DCP" Name="ro_bd_wrapper_postroute_physopt.dcp"/>
  <File Type="POSTROUTE-PHYSOPT-BLACKBOX-DCP" Name="ro_bd_wrapper_postroute_physopt_bb.dcp"/>
  <File Type="BITSTR-NKY" Name="ro_bd_wrapper.nky"/>
  <File Type="BITSTR-BMM" Name="ro_bd_wrapper_bd.bmm"/>
  <File Type="BITSTR-MMI" Name="ro_bd_wrapper.mmi"/>
  <File Type="BITSTR-LTX" Name="ro_bd_wrapper.ltx"/>
  <File Type="BITSTR-SYSDEF" Name="ro_bd_wrapper.sysdef"/>
  <File Type="WBT-USG" Name="usage_statistics_webtalk.html"/>
  <FileSet Name="sources" Type="DesignSrcs" RelSrcDir="$PSRCDIR/sources_1">
    <Filter Type="Srcs"/>
    <File Path="$PSRCDIR/sources_1/new/controller.v">
      <FileInfo>
        <Attr Name="ImportPath" Val="$PPRDIR/../../../../ring_oscillator_1.srcs/sources_1/new/controller.v"/>
        <Attr Name="ImportTime" Val="1612026189"/>
        <Attr Name="UsedIn" Val="synthesis"/>
        <Attr Name="UsedIn" Val="implementation"/>
        <Attr Name="UsedIn" Val="simulation"/>
      </FileInfo>
    </File>
    <File Path="$PSRCDIR/sources_1/new/datapath.v">
      <FileInfo>
        <Attr Name="ImportPath" Val="$PPRDIR/../../../../ring_oscillator_1.srcs/sources_1/new/datapath.v"/>
        <Attr Name="ImportTime" Val="1612027037"/>
        <Attr Name="UsedIn" Val="synthesis"/>
        <Attr Name="UsedIn" Val="implementation"/>
        <Attr Name="UsedIn" Val="simulation"/>
      </FileInfo>
    </File>
    <File Path="$PSRCDIR/sources_1/new/ring_oscillator.v">
      <FileInfo>
        <Attr Name="ImportPath" Val="$PPRDIR/../../../../ring_oscillator_1.srcs/sources_1/new/ring_oscillator.v"/>
        <Attr Name="ImportTime" Val="1612025147"/>
        <Attr Name="UsedIn" Val="synthesis"/>
        <Attr Name="UsedIn" Val="implementation"/>
        <Attr Name="UsedIn" Val="simulation"/>
      </FileInfo>
    </File>
    <File Path="$PSRCDIR/sources_1/new/top.v">
      <FileInfo>
        <Attr Name="ImportPath" Val="$PPRDIR/../../../../ring_oscillator_1.srcs/sources_1/new/top.v"/>
        <Attr Name="ImportTime" Val="1612027025"/>
        <Attr Name="UsedIn" Val="synthesis"/>
        <Attr Name="UsedIn" Val="implementation"/>
        <Attr Name="UsedIn" Val="simulation"/>
      </FileInfo>
    </File>
    <File Path="$PSRCDIR/sources_1/bd/ro_bd/ro_bd.bd">
      <FileInfo>
        <Attr Name="ImportPath" Val="$PPRDIR/../../../../ring_oscillator_1.srcs/sources_1/bd/ro_bd/ro_bd.bd"/>
        <Attr Name="ImportTime" Val="1612027307"/>
        <Attr Name="UsedIn" Val="synthesis"/>
        <Attr Name="UsedIn" Val="implementation"/>
        <Attr Name="UsedIn" Val="simulation"/>
      </FileInfo>
    </File>
    <File Path="$PSRCDIR/sources_1/bd/ro_bd/hdl/ro_bd_wrapper.v">
      <FileInfo>
        <Attr Name="ImportPath" Val="$PPRDIR/../../../../ring_oscillator_1.srcs/sources_1/bd/ro_bd/hdl/ro_bd_wrapper.v"/>
        <Attr Name="ImportTime" Val="1612027307"/>
        <Attr Name="UsedIn" Val="synthesis"/>
        <Attr Name="UsedIn" Val="implementation"/>
        <Attr Name="UsedIn" Val="simulation"/>
      </FileInfo>
    </File>
    <Config>
      <Option Name="DesignMode" Val="RTL"/>
      <Option Name="TopModule" Val="ro_bd_wrapper"/>
    </Config>
  </FileSet>
  <FileSet Name="constrs_in" Type="Constrs" RelSrcDir="$PSRCDIR/constrs_1">
    <Filter Type="Constrs"/>
    <File Path="$PSRCDIR/constrs_1/new/Constraints.xdc">
      <FileInfo>
        <Attr Name="ImportPath" Val="$PPRDIR/../../../../ring_oscillator_1.srcs/constrs_1/new/Constraints.xdc"/>
        <Attr Name="ImportTime" Val="1612028474"/>
        <Attr Name="UsedIn" Val="synthesis"/>
        <Attr Name="UsedIn" Val="implementation"/>
      </FileInfo>
    </File>
    <File Path="$PSRCDIR/constrs_1/new/LOC.xdc">
      <FileInfo>
        <Attr Name="ImportPath" Val="$PPRDIR/../../../../ring_oscillator_1.srcs/constrs_1/new/LOC.xdc"/>
        <Attr Name="ImportTime" Val="1612028474"/>
        <Attr Name="UsedIn" Val="synthesis"/>
        <Attr Name="UsedIn" Val="implementation"/>
      </FileInfo>
    </File>
    <Config>
      <Option Name="TargetConstrsFile" Val="$PSRCDIR/constrs_1/new/LOC.xdc"/>
      <Option Name="ConstrsType" Val="XDC"/>
    </Config>
  </FileSet>
  <Strategy Version="1" Minor="2">
    <StratHandle Name="Vivado Implementation Defaults" Flow="Vivado Implementation 2017"/>
    <Step Id="init_design"/>
    <Step Id="opt_design"/>
    <Step Id="power_opt_design"/>
    <Step Id="place_design"/>
    <Step Id="post_place_power_opt_design"/>
    <Step Id="phys_opt_design"/>
    <Step Id="route_design"/>
    <Step Id="post_route_phys_opt_design"/>
    <Step Id="write_bitstream"/>
  </Strategy>
  <BlockFileSet Type="BlockSrcs" Name="ro_bd_axi_gpio_1_0"/>
  <BlockFileSet Type="BlockSrcs" Name="ro_bd_rst_ps7_0_100M_0"/>
  <BlockFileSet Type="BlockSrcs" Name="ro_bd_axi_gpio_0_0"/>
  <BlockFileSet Type="BlockSrcs" Name="ro_bd_processing_system7_0_0"/>
  <BlockFileSet Type="BlockSrcs" Name="ro_bd_xbar_0"/>
  <BlockFileSet Type="BlockSrcs" Name="ro_bd_top_0_0"/>
</GenRun>
