<?xml version="1.0" encoding="UTF-8"?>
<GenRun Id="synth_1" LaunchPart="xc7z010clg400-1" LaunchTime="1612039275">
  <File Type="PA-TCL" Name="ro_bd_wrapper.tcl"/>
  <File Type="REPORTS-TCL" Name="ro_bd_wrapper_reports.tcl"/>
  <File Type="RDS-RDS" Name="ro_bd_wrapper.vds"/>
  <File Type="RDS-UTIL" Name="ro_bd_wrapper_utilization_synth.rpt"/>
  <File Type="RDS-UTIL-PB" Name="ro_bd_wrapper_utilization_synth.pb"/>
  <File Type="RDS-DCP" Name="ro_bd_wrapper.dcp"/>
  <FileSet Name="sources" Type="DesignSrcs" RelSrcDir="$PSRCDIR/sources_1">
    <Filter Type="Srcs"/>
    <File Path="$PSRCDIR/sources_1/new/controller.v">
      <FileInfo>
        <Attr Name="ImportPath" Val="$PPRDIR/../../../../../ring_oscillator_1/ring_oscillator_1.srcs/sources_1/new/controller.v"/>
        <Attr Name="ImportTime" Val="1612026189"/>
        <Attr Name="UsedIn" Val="synthesis"/>
        <Attr Name="UsedIn" Val="implementation"/>
        <Attr Name="UsedIn" Val="simulation"/>
      </FileInfo>
    </File>
    <File Path="$PSRCDIR/sources_1/new/datapath.v">
      <FileInfo>
        <Attr Name="ImportPath" Val="$PPRDIR/../../../../../ring_oscillator_1/ring_oscillator_1.srcs/sources_1/new/datapath.v"/>
        <Attr Name="ImportTime" Val="1612027037"/>
        <Attr Name="UsedIn" Val="synthesis"/>
        <Attr Name="UsedIn" Val="implementation"/>
        <Attr Name="UsedIn" Val="simulation"/>
      </FileInfo>
    </File>
    <File Path="$PSRCDIR/sources_1/new/mux_2x1.v">
      <FileInfo>
        <Attr Name="ImportPath" Val="$PPRDIR/../../../../ring_oscillator_2.srcs/sources_1/new/mux_2x1.v"/>
        <Attr Name="ImportTime" Val="1612033178"/>
        <Attr Name="UsedIn" Val="synthesis"/>
        <Attr Name="UsedIn" Val="implementation"/>
        <Attr Name="UsedIn" Val="simulation"/>
      </FileInfo>
    </File>
    <File Path="$PSRCDIR/sources_1/new/ring_oscillator.v">
      <FileInfo>
        <Attr Name="ImportPath" Val="$PPRDIR/../../../../../ring_oscillator_1/ring_oscillator_1.srcs/sources_1/new/ring_oscillator.v"/>
        <Attr Name="ImportTime" Val="1612025147"/>
        <Attr Name="UsedIn" Val="synthesis"/>
        <Attr Name="UsedIn" Val="implementation"/>
        <Attr Name="UsedIn" Val="simulation"/>
      </FileInfo>
    </File>
    <File Path="$PSRCDIR/sources_1/new/top.v">
      <FileInfo>
        <Attr Name="ImportPath" Val="$PPRDIR/../../../../../ring_oscillator_1/ring_oscillator_1.srcs/sources_1/new/top.v"/>
        <Attr Name="ImportTime" Val="1612027025"/>
        <Attr Name="UsedIn" Val="synthesis"/>
        <Attr Name="UsedIn" Val="implementation"/>
        <Attr Name="UsedIn" Val="simulation"/>
      </FileInfo>
    </File>
    <File Path="$PSRCDIR/sources_1/bd/ro_bd/ro_bd.bd">
      <FileInfo>
        <Attr Name="ImportPath" Val="$PPRDIR/../../../../../ring_oscillator_1/ring_oscillator_1.srcs/sources_1/bd/ro_bd/ro_bd.bd"/>
        <Attr Name="ImportTime" Val="1612027307"/>
        <Attr Name="UsedIn" Val="synthesis"/>
        <Attr Name="UsedIn" Val="implementation"/>
        <Attr Name="UsedIn" Val="simulation"/>
      </FileInfo>
    </File>
    <File Path="$PSRCDIR/sources_1/bd/ro_bd/hdl/ro_bd_wrapper.v">
      <FileInfo>
        <Attr Name="ImportPath" Val="$PPRDIR/../../../../../ring_oscillator_1/ring_oscillator_1.srcs/sources_1/bd/ro_bd/hdl/ro_bd_wrapper.v"/>
        <Attr Name="ImportTime" Val="1612027307"/>
        <Attr Name="UsedIn" Val="synthesis"/>
        <Attr Name="UsedIn" Val="implementation"/>
        <Attr Name="UsedIn" Val="simulation"/>
      </FileInfo>
    </File>
    <Config>
      <Option Name="DesignMode" Val="RTL"/>
      <Option Name="TopModule" Val="ro_bd_wrapper"/>
    </Config>
  </FileSet>
  <FileSet Name="constrs_in" Type="Constrs" RelSrcDir="$PSRCDIR/constrs_1">
    <Filter Type="Constrs"/>
    <File Path="$PSRCDIR/constrs_1/new/Constraints.xdc">
      <FileInfo>
        <Attr Name="ImportPath" Val="$PPRDIR/../../../../../ring_oscillator_1/ring_oscillator_1.srcs/constrs_1/new/Constraints.xdc"/>
        <Attr Name="ImportTime" Val="1612028474"/>
        <Attr Name="UsedIn" Val="synthesis"/>
        <Attr Name="UsedIn" Val="implementation"/>
      </FileInfo>
    </File>
    <File Path="$PSRCDIR/constrs_1/new/LOC.xdc">
      <FileInfo>
        <Attr Name="ImportPath" Val="$PPRDIR/../../../../../ring_oscillator_1/ring_oscillator_1.srcs/constrs_1/new/LOC.xdc"/>
        <Attr Name="ImportTime" Val="1612028474"/>
        <Attr Name="UsedIn" Val="synthesis"/>
        <Attr Name="UsedIn" Val="implementation"/>
      </FileInfo>
    </File>
    <Config>
      <Option Name="TargetConstrsFile" Val="$PSRCDIR/constrs_1/new/LOC.xdc"/>
      <Option Name="ConstrsType" Val="XDC"/>
    </Config>
  </FileSet>
  <Strategy Version="1" Minor="2">
    <StratHandle Name="Vivado Synthesis Defaults" Flow="Vivado Synthesis 2017"/>
    <Step Id="synth_design"/>
  </Strategy>
  <BlockFileSet Type="BlockSrcs" Name="ro_bd_axi_gpio_1_0"/>
  <BlockFileSet Type="BlockSrcs" Name="ro_bd_rst_ps7_0_100M_0"/>
  <BlockFileSet Type="BlockSrcs" Name="ro_bd_axi_gpio_0_0"/>
  <BlockFileSet Type="BlockSrcs" Name="ro_bd_processing_system7_0_0"/>
  <BlockFileSet Type="BlockSrcs" Name="ro_bd_xbar_0"/>
  <BlockFileSet Type="BlockSrcs" Name="ro_bd_axi_gpio_2_0"/>
  <BlockFileSet Type="BlockSrcs" Name="ro_bd_top_0_0"/>
</GenRun>
