<?xml version="1.0" encoding="UTF-8"?>
<GenRun Id="ro_bd_axi_gpio_2_0_synth_1" LaunchPart="xc7z010clg400-1" LaunchTime="1612034973">
  <File Type="PA-TCL" Name="ro_bd_axi_gpio_2_0.tcl"/>
  <File Type="REPORTS-TCL" Name="ro_bd_axi_gpio_2_0_reports.tcl"/>
  <File Type="RDS-RDS" Name="ro_bd_axi_gpio_2_0.vds"/>
  <File Type="RDS-UTIL" Name="ro_bd_axi_gpio_2_0_utilization_synth.rpt"/>
  <File Type="RDS-UTIL-PB" Name="ro_bd_axi_gpio_2_0_utilization_synth.pb"/>
  <File Type="RDS-DCP" Name="ro_bd_axi_gpio_2_0.dcp"/>
  <FileSet Name="sources" Type="BlockSrcs" RelSrcDir="$PSRCDIR/ro_bd_axi_gpio_2_0">
    <File Path="$PSRCDIR/sources_1/bd/ro_bd/ip/ro_bd_axi_gpio_2_0/ro_bd_axi_gpio_2_0.xci">
      <FileInfo>
        <Attr Name="ImportPath" Val="$PPRDIR/../../../../../ring_oscillator_1/ring_oscillator_1.srcs/sources_1/bd/ro_bd/ip/ro_bd_axi_gpio_2_0/ro_bd_axi_gpio_2_0.xci"/>
        <Attr Name="ImportTime" Val="0"/>
        <Attr Name="UsedIn" Val="synthesis"/>
        <Attr Name="UsedIn" Val="implementation"/>
        <Attr Name="UsedIn" Val="simulation"/>
      </FileInfo>
    </File>
    <Config>
      <Option Name="TopModule" Val="ro_bd_axi_gpio_2_0"/>
      <Option Name="UseBlackboxStub" Val="1"/>
    </Config>
  </FileSet>
  <FileSet Name="constrs_in" Type="BlockSrcs" RelSrcDir="$PSRCDIR/ro_bd_axi_gpio_2_0">
    <File Path="$PSRCDIR/sources_1/bd/ro_bd/ip/ro_bd_axi_gpio_2_0/ro_bd_axi_gpio_2_0.xci">
      <FileInfo>
        <Attr Name="ImportPath" Val="$PPRDIR/../../../../../ring_oscillator_1/ring_oscillator_1.srcs/sources_1/bd/ro_bd/ip/ro_bd_axi_gpio_2_0/ro_bd_axi_gpio_2_0.xci"/>
        <Attr Name="ImportTime" Val="0"/>
        <Attr Name="UsedIn" Val="synthesis"/>
        <Attr Name="UsedIn" Val="implementation"/>
        <Attr Name="UsedIn" Val="simulation"/>
      </FileInfo>
    </File>
    <Config>
      <Option Name="TopModule" Val="ro_bd_axi_gpio_2_0"/>
      <Option Name="UseBlackboxStub" Val="1"/>
    </Config>
  </FileSet>
  <Strategy Version="1" Minor="2">
    <StratHandle Name="Vivado Synthesis Defaults" Flow="Vivado Synthesis 2017"/>
    <Step Id="synth_design"/>
  </Strategy>
</GenRun>
